time_s,max_C,argmax_index,argmax_coordinate_cm,argmax_xi,center_C,surface_C,event_value
59166.0,0.15075756697891393,0,0.0,0.0,0.15075756697891393,0.11327392004271382,0.0007575669789139372
59167.0,0.1507512395080985,0,0.0,0.0,0.1507512395080985,0.11327001221411871,0.0007512395080984946
59168.0,0.1507449124344948,0,0.0,0.0,0.1507449124344948,0.11326610462251775,0.0007449124344948155
59169.0,0.15073858575807797,0,0.0,0.0,0.15073858575807797,0.11326219726789713,0.0007385857580779753
59170.0,0.150732259478823,0,0.0,0.0,0.150732259478823,0.11325829015024302,0.0007322594788229941
59171.0,0.15072593359670497,0,0.0,0.0,0.15072593359670497,0.1132543832695416,0.0007259335967049751
59172.0,0.150719608111699,0,0.0,0.0,0.150719608111699,0.11325047662577904,0.0007196081116989939
59173.0,0.1507132830237801,0,0.0,0.0,0.1507132830237801,0.11324657021894152,0.000713283023780098
59174.0,0.15070695833292336,0,0.0,0.0,0.15070695833292336,0.11324266404901523,0.0007069583329233631
59175.0,0.1507006340391039,0,0.0,0.0,0.1507006340391039,0.11323875811598633,0.0007006340391038923
59176.0,0.1506943101422967,0,0.0,0.0,0.1506943101422967,0.11323485241984099,0.0006943101422967057
59177.0,0.15068798664247693,0,0.0,0.0,0.15068798664247693,0.11323094696056543,0.0006879866424769343
59178.0,0.15068166353961962,0,0.0,0.0,0.15068166353961962,0.1132270417381458,0.0006816635396196258
59179.0,0.15067534083369988,0,0.0,0.0,0.15067534083369988,0.11322313675256829,0.0006753408336998834
59180.0,0.15066901852469275,0,0.0,0.0,0.15066901852469275,0.11321923200381909,0.0006690185246927549
59181.0,0.15066269661257334,0,0.0,0.0,0.15066269661257334,0.11321532749188437,0.0006626966125733436
59182.0,0.15065637509731675,0,0.0,0.0,0.15065637509731675,0.11321142321675032,0.0006563750973167526
59183.0,0.15065005397889802,0,0.0,0.0,0.15065005397889802,0.11320751917840312,0.0006500539788980297
59184.0,0.15064373325729227,0,0.0,0.0,0.15064373325729227,0.11320361537682896,0.0006437332572922783
59185.0,0.1506374129324746,0,0.0,0.0,0.1506374129324746,0.11319971181201403,0.0006374129324746014
59186.0,0.15063109300442007,0,0.0,0.0,0.15063109300442007,0.11319580848394452,0.0006310930044200747
59187.0,0.1506247734731038,0,0.0,0.0,0.1506247734731038,0.1131919053926066,0.0006247734731038013
59188.0,0.15061845433850088,0,0.0,0.0,0.15061845433850088,0.11318800253798647,0.0006184543385008845
59189.0,0.15061213560058637,0,0.0,0.0,0.15061213560058637,0.11318409992007032,0.0006121356005863721
59190.0,0.1506058172593354,0,0.0,0.0,0.1506058172593354,0.11318019753884434,0.000605817259335395
59191.0,0.15059949931472308,0,0.0,0.0,0.15059949931472308,0.11317629539429472,0.0005994993147230843
59192.0,0.15059318176672448,0,0.0,0.0,0.15059318176672448,0.11317239348640765,0.0005931817667244876
59193.0,0.1505868646153147,0,0.0,0.0,0.1505868646153147,0.11316849181516932,0.0005868646153147083
59194.0,0.15058054786046887,0,0.0,0.0,0.15058054786046887,0.11316459038056592,0.0005805478604688774
59195.0,0.1505742315021621,0,0.0,0.0,0.1505742315021621,0.11316068918258367,0.0005742315021620981
59196.0,0.15056791554036947,0,0.0,0.0,0.15056791554036947,0.11315678822120871,0.0005679155403694736
59197.0,0.15056159997506607,0,0.0,0.0,0.15056159997506607,0.1131528874964273,0.0005615999750660794
59198.0,0.15055528480622707,0,0.0,0.0,0.15055528480622707,0.11314898700822558,0.0005552848062270743
59199.0,0.15054897003382756,0,0.0,0.0,0.15054897003382756,0.11314508675658978,0.0005489700338275616
59200.0,0.1505426556578426,0,0.0,0.0,0.1505426556578426,0.11314118674150608,0.0005426556578426167
59201.0,0.15053634167824737,0,0.0,0.0,0.15053634167824737,0.1131372869629607,0.0005363416782473707
59202.0,0.15053002809501695,0,0.0,0.0,0.15053002809501695,0.11313338742093981,0.0005300280950169545
59203.0,0.15052371490812647,0,0.0,0.0,0.15052371490812647,0.11312948811542962,0.0005237149081264714
59204.0,0.15051740211755105,0,0.0,0.0,0.15051740211755105,0.11312558904641634,0.0005174021175510524
59205.0,0.15051108972326582,0,0.0,0.0,0.15051108972326582,0.11312169021388617,0.0005110897232658285
59206.0,0.15050477772524587,0,0.0,0.0,0.15050477772524587,0.1131177916178253,0.0005047777252458752
59207.0,0.15049846612346637,0,0.0,0.0,0.15049846612346637,0.11311389325821994,0.000498466123466379
59208.0,0.15049215491790238,0,0.0,0.0,0.15049215491790238,0.11310999513505629,0.0004921549179023876
59209.0,0.1504858441085291,0,0.0,0.0,0.1504858441085291,0.11310609724832056,0.0004858441085291154
59210.0,0.1504795336953216,0,0.0,0.0,0.1504795336953216,0.11310219959799894,0.00047953369532161005
59211.0,0.15047322367825505,0,0.0,0.0,0.15047322367825505,0.11309830218407765,0.00047322367825505807
59212.0,0.15046691405730458,0,0.0,0.0,0.15046691405730458,0.1130944050065429,0.00046691405730459046
59213.0,0.15046060483244528,0,0.0,0.0,0.15046060483244528,0.11309050806538087,0.0004606048324452827
59214.0,0.15045429600365232,0,0.0,0.0,0.15045429600365232,0.11308661136057781,0.00045429600365232137
59215.0,0.15044798757090083,0,0.0,0.0,0.15044798757090083,0.11308271489211988,0.0004479875709008374
59216.0,0.15044167953416596,0,0.0,0.0,0.15044167953416596,0.11307881865999332,0.00044167953416596184
59217.0,0.15043537189342282,0,0.0,0.0,0.15043537189342282,0.11307492266418434,0.0004353718934228257
59218.0,0.15042906464864658,0,0.0,0.0,0.15042906464864658,0.11307102690467913,0.00042906464864658767
59219.0,0.15042275779981235,0,0.0,0.0,0.15042275779981235,0.11306713138146392,0.00042275779981235106
59220.0,0.1504164513468953,0,0.0,0.0,0.1504164513468953,0.11306323609452491,0.0004164513468953024
59221.0,0.15041014528987057,0,0.0,0.0,0.15041014528987057,0.11305934104384834,0.00041014528987057264
59222.0,0.15040383962871332,0,0.0,0.0,0.15040383962871332,0.11305544622942038,0.0004038396287133206
59223.0,0.15039753436339864,0,0.0,0.0,0.15039753436339864,0.11305155165122727,0.00039753436339864945
59224.0,0.15039122949390177,0,0.0,0.0,0.15039122949390177,0.11304765730925523,0.00039122949390177353
59225.0,0.1503849250201978,0,0.0,0.0,0.1503849250201978,0.11304376320349045,0.00038492502019779606
59226.0,0.1503786209422619,0,0.0,0.0,0.1503786209422619,0.11303986933391919,0.00037862094226190357
59227.0,0.15037231726006922,0,0.0,0.0,0.15037231726006922,0.11303597570052762,0.00037231726006922705
59228.0,0.15036601397359492,0,0.0,0.0,0.15036601397359492,0.11303208230330197,0.00036601397359492527
59229.0,0.15035971108281415,0,0.0,0.0,0.15035971108281415,0.11302818914222848,0.000359711082814157
59230.0,0.1503534085877021,0,0.0,0.0,0.1503534085877021,0.11302429621729336,0.0003534085877021087
59231.0,0.1503471064882339,0,0.0,0.0,0.1503471064882339,0.11302040352848282,0.00034710648823391144
59232.0,0.15034080478438472,0,0.0,0.0,0.15034080478438472,0.11301651107578307,0.00034080478438472395
59233.0,0.1503345034761297,0,0.0,0.0,0.1503345034761297,0.11301261885918037,0.000334503476129705
59234.0,0.15032820256344406,0,0.0,0.0,0.15032820256344406,0.11300872687866091,0.00032820256344406884
59235.0,0.15032190204630294,0,0.0,0.0,0.15032190204630294,0.11300483513421092,0.0003219020463029465
59236.0,0.1503156019246815,0,0.0,0.0,0.1503156019246815,0.11300094362581664,0.0003156019246814967
59237.0,0.1503093021985549,0,0.0,0.0,0.1503093021985549,0.11299705235346427,0.00030930219855490604
59238.0,0.15030300286789836,0,0.0,0.0,0.15030300286789836,0.11299316131714005,0.00030300286789836095
59239.0,0.150296703932687,0,0.0,0.0,0.150296703932687,0.11298927051683019,0.00029670393268699247
59240.0,0.150290405392896,0,0.0,0.0,0.150290405392896,0.11298537995252095,0.00029040539289601486
59241.0,0.15028410724850058,0,0.0,0.0,0.15028410724850058,0.11298148962419852,0.0002841072485005869
59242.0,0.15027780949947592,0,0.0,0.0,0.15027780949947592,0.11297759953184915,0.0002778094994759228
59243.0,0.15027151214579712,0,0.0,0.0,0.15027151214579712,0.11297370967545906,0.0002715121457971259
59244.0,0.15026521518743943,0,0.0,0.0,0.15026521518743943,0.11296982005501448,0.00026521518743943817
59245.0,0.15025891862437804,0,0.0,0.0,0.15025891862437804,0.11296593067050165,0.00025891862437804614
59246.0,0.15025262245658808,0,0.0,0.0,0.15025262245658808,0.11296204152190678,0.0002526224565880808
59247.0,0.15024632668404478,0,0.0,0.0,0.15024632668404478,0.11295815260921613,0.0002463266840447842
59248.0,0.1502400313067233,0,0.0,0.0,0.1502400313067233,0.11295426393241592,0.00024003130672331507
59249.0,0.15023373632459885,0,0.0,0.0,0.15023373632459885,0.11295037549149237,0.00023373632459885996
59250.0,0.15022744173764663,0,0.0,0.0,0.15022744173764663,0.11294648728643172,0.0002274417376466331
59251.0,0.15022114754584182,0,0.0,0.0,0.15022114754584182,0.11294259931722023,0.00022114754584182106
59252.0,0.15021485374915958,0,0.0,0.0,0.15021485374915958,0.1129387115838441,0.00021485374915958255
59253.0,0.15020856034757515,0,0.0,0.0,0.15020856034757515,0.11293482408628959,0.00020856034757515962
59254.0,0.1502022673410637,0,0.0,0.0,0.1502022673410637,0.11293093682454292,0.00020226734106371103
59255.0,0.15019597472960045,0,0.0,0.0,0.15019597472960045,0.11292704979859033,0.00019597472960045104
59256.0,0.1501896825131606,0,0.0,0.0,0.1501896825131606,0.11292316300841808,0.00018968251316059392
59257.0,0.15018339069171932,0,0.0,0.0,0.15018339069171932,0.11291927645401238,0.0001833906917193262
59258.0,0.15017709926525183,0,0.0,0.0,0.15017709926525183,0.11291539013535949,0.0001770992652518344
59259.0,0.15017080823373335,0,0.0,0.0,0.15017080823373335,0.11291150405244565,0.00017080823373336051
59260.0,0.15016451759713909,0,0.0,0.0,0.15016451759713909,0.11290761820525709,0.0001645175971390911
59261.0,0.1501582273554442,0,0.0,0.0,0.1501582273554442,0.11290373259378005,0.00015822735544421263
59262.0,0.15015193750862396,0,0.0,0.0,0.15015193750862396,0.11289984721800078,0.00015193750862396715
59263.0,0.15014564805665356,0,0.0,0.0,0.15014564805665356,0.11289596207790553,0.00014564805665356895
59264.0,0.1501393589995082,0,0.0,0.0,0.1501393589995082,0.11289207717348054,0.00013935899950820452
59265.0,0.15013307033716308,0,0.0,0.0,0.15013307033716308,0.11288819250471205,0.00013307033716308814
59266.0,0.15012678206959346,0,0.0,0.0,0.15012678206959346,0.1128843080715863,0.00012678206959346183
59267.0,0.1501204941967745,0,0.0,0.0,0.1501204941967745,0.11288042387408954,0.00012049419677451212
59268.0,0.15011420671868148,0,0.0,0.0,0.15011420671868148,0.11287653991220804,0.00011420671868148102
59269.0,0.15010791963528955,0,0.0,0.0,0.15010791963528955,0.11287265618592802,0.00010791963528955506
59270.0,0.150101632946574,0,0.0,0.0,0.150101632946574,0.11286877269523574,0.00010163294657400401
59271.0,0.15009534665251004,0,0.0,0.0,0.15009534665251004,0.11286488944011744,9.534665251004215e-05
59272.0,0.15008906075307285,0,0.0,0.0,0.15008906075307285,0.11286100642055939,8.906075307285599e-05
59273.0,0.15008277524823768,0,0.0,0.0,0.15008277524823768,0.11285712363654782,8.277524823768756e-05
59274.0,0.15007649013797977,0,0.0,0.0,0.15007649013797977,0.11285324108806899,7.649013797977888e-05
59275.0,0.15007020542227437,0,0.0,0.0,0.15007020542227437,0.11284935877510915,7.020542227437199e-05
59276.0,0.15006392110109665,0,0.0,0.0,0.15006392110109665,0.11284547669765456,6.392110109665339e-05
59277.0,0.1500576371744219,0,0.0,0.0,0.1500576371744219,0.11284159485569148,5.763717442189287e-05
59278.0,0.1500513536422253,0,0.0,0.0,0.1500513536422253,0.11283771324920613,5.1353642225304696e-05
59279.0,0.15004507050448213,0,0.0,0.0,0.15004507050448213,0.11283383187818481,4.50705044821309e-05
59280.0,0.1500387877611676,0,0.0,0.0,0.1500387877611676,0.11282995074261375,3.878776116761351e-05
59281.0,0.150032505412257,0,0.0,0.0,0.150032505412257,0.1128260698424792,3.250541225699455e-05
59282.0,0.1500262234577255,0,0.0,0.0,0.1500262234577255,0.11282218917776743,2.6223457725516042e-05
59283.0,0.1500199418975484,0,0.0,0.0,0.1500199418975484,0.11281830874846471,1.9941897548392262e-05
59284.0,0.15001366073170086,0,0.0,0.0,0.15001366073170086,0.11281442855455727,1.3660731700865236e-05
59285.0,0.15000737996015823,0,0.0,0.0,0.15000737996015823,0.1128105485960314,7.379960158232501e-06
59286.0,0.1500010995828957,0,0.0,0.0,0.1500010995828957,0.11280666887287334,1.0995828957083287e-06
59286.17508875796,0.14999999999999997,0,0.0,0.0,0.14999999999999997,0.11280598960117619,-2.7755575615628914e-17
59287.0,0.14999481983322088,0,0.0,0.0,0.14999481983322088,0.11280278952444762,-5.180166779111817e-06
59288.0,0.14998854054275865,0,0.0,0.0,0.14998854054275865,0.1127989104502027,-1.1459457241347337e-05
59289.0,0.14998226145117324,0,0.0,0.0,0.14998226145117324,0.11279503149469097,-1.7738548826751188e-05
59290.0,0.14997598289735065,0,0.0,0.0,0.14997598289735065,0.1127911528602337,-2.4017102649348532e-05
59291.0,0.1499697047018595,0,0.0,0.0,0.1499697047018595,0.11278727443968722,-3.0295298140498028e-05
59292.0,0.14996342685012162,0,0.0,0.0,0.14996342685012162,0.11278339622433754,-3.657314987837168e-05
59293.0,0.14995714936825066,0,0.0,0.0,0.14995714936825066,0.11277951822979398,-4.285063174933046e-05
59294.0,0.14995087225624668,0,0.0,0.0,0.14995087225624668,0.11277564045605654,-4.912774375331885e-05
59295.0,0.14994459551410963,0,0.0,0.0,0.14994459551410963,0.11277176290312521,-5.540448589036462e-05
59296.0,0.14993831914183953,0,0.0,0.0,0.14993831914183953,0.11276788557100001,-6.168085816046776e-05
59297.0,0.14993204313943634,0,0.0,0.0,0.14993204313943634,0.11276400845968092,-6.795686056365602e-05
59298.0,0.14992576753571554,0,0.0,0.0,0.14992576753571554,0.11276013158636591,-7.423246428445163e-05
59299.0,0.14991949233134183,0,0.0,0.0,0.14991949233134183,0.11275625495145175,-8.050766865816406e-05
59300.0,0.1499132175096849,0,0.0,0.0,0.1499132175096849,0.11275237854501287,-8.678249031510155e-05
59301.0,0.14990694307074467,0,0.0,0.0,0.14990694307074467,0.11274850236704928,-9.305692925531961e-05
59302.0,0.1499006690145212,0,0.0,0.0,0.1499006690145212,0.11274462641756097,-9.933098547879049e-05
59303.0,0.14989439534101445,0,0.0,0.0,0.14989439534101445,0.11274075069654795,-0.00010560465898554194
59304.0,0.14988812205022445,0,0.0,0.0,0.14988812205022445,0.11273687520401023,-0.00011187794977554621
59305.0,0.1498818491639383,0,0.0,0.0,0.1498818491639383,0.11273299995297079,-0.0001181508360617034
59306.0,0.14987557667535942,0,0.0,0.0,0.14987557667535942,0.11272912493936707,-0.00012442332464057682
59307.0,0.14986930457738346,0,0.0,0.0,0.14986930457738346,0.1127252501589525,-0.0001306954226165391
59308.0,0.14986303287001038,0,0.0,0.0,0.14986303287001038,0.11272137561172707,-0.00013696712998961802
59309.0,0.14985676155324018,0,0.0,0.0,0.14985676155324018,0.1127175012976908,-0.00014323844675981356
59310.0,0.14985049062707287,0,0.0,0.0,0.14985049062707287,0.11271362721684366,-0.00014950937292712574
59311.0,0.14984422009150847,0,0.0,0.0,0.14984422009150847,0.11270975336918569,-0.00015577990849152679
59312.0,0.14983794996312508,0,0.0,0.0,0.14983794996312508,0.11270587976471025,-0.0001620500368749167
59313.0,0.1498316802300028,0,0.0,0.0,0.1498316802300028,0.11270200639623193,-0.000168319769997205
59314.0,0.1498254108894486,0,0.0,0.0,0.1498254108894486,0.1126981332621274,-0.00017458911055140414
59315.0,0.14981914194146245,0,0.0,0.0,0.14981914194146245,0.11269426036239664,-0.0001808580585375419
59316.0,0.14981287338604443,0,0.0,0.0,0.14981287338604443,0.11269038769703965,-0.00018712661395556274
59317.0,0.14980660522319447,0,0.0,0.0,0.14980660522319447,0.11268651526605644,-0.0001933947768055222
59318.0,0.1498003374529126,0,0.0,0.0,0.1498003374529126,0.11268264306944702,-0.0001996625470873925
59319.0,0.14979407007519882,0,0.0,0.0,0.14979407007519882,0.11267877110721136,-0.00020592992480117367
59320.0,0.14978780309005313,0,0.0,0.0,0.14978780309005313,0.11267489937934948,-0.00021219690994686569
59321.0,0.1497815364974755,0,0.0,0.0,0.1497815364974755,0.11267102788586136,-0.0002184635025244963
59322.0,0.14977527029746596,0,0.0,0.0,0.14977527029746596,0.11266715662674703,-0.0002247297025340378
59323.0,0.1497690044900245,0,0.0,0.0,0.1497690044900245,0.11266328560200649,-0.00023099550997549012
59324.0,0.14976273907515114,0,0.0,0.0,0.14976273907515114,0.1126594148116397,-0.0002372609248488533
59325.0,0.14975647405284587,0,0.0,0.0,0.14975647405284587,0.1126555442556467,-0.00024352594715412734
59326.0,0.14975020942310865,0,0.0,0.0,0.14975020942310865,0.11265167393402747,-0.00024979057689134
59327.0,0.14974394518593953,0,0.0,0.0,0.14974394518593953,0.11264780384678202,-0.0002560548140604635
59328.0,0.1497376813413385,0,0.0,0.0,0.1497376813413385,0.11264393399391034,-0.00026231865866149784
59329.0,0.14973141788930555,0,0.0,0.0,0.14973141788930555,0.11264006437541244,-0.00026858211069444304
59330.0,0.1497251548298407,0,0.0,0.0,0.1497251548298407,0.11263619499128831,-0.0002748451701592991
59331.0,0.1497188921668645,0,0.0,0.0,0.1497188921668645,0.11263232584404456,-0.0002811078331355077
59332.0,0.14971262989707163,0,0.0,0.0,0.14971262989707163,0.11262845693156796,-0.0002873701029283693
59333.0,0.14970636802026296,0,0.0,0.0,0.14970636802026296,0.11262458825373117,-0.00029363197973703015
59334.0,0.14970010653643845,0,0.0,0.0,0.14970010653643845,0.11262071981053416,-0.0002998934635615458
59335.0,0.14969384544559808,0,0.0,0.0,0.14969384544559808,0.11261685160197694,-0.0003061545544019162
59336.0,0.14968758474774188,0,0.0,0.0,0.14968758474774188,0.11261298362805952,-0.0003124152522581136
59337.0,0.14968132444286986,0,0.0,0.0,0.14968132444286986,0.11260911588878188,-0.00031867555713013807
59338.0,0.14967506453098198,0,0.0,0.0,0.14967506453098198,0.11260524838414404,-0.0003249354690180173
59339.0,0.14966880501207824,0,0.0,0.0,0.14966880501207824,0.11260138111414598,-0.0003311949879217513
59340.0,0.14966254588615868,0,0.0,0.0,0.14966254588615868,0.11259751407878774,-0.0003374541138413123
59341.0,0.14965628715322327,0,0.0,0.0,0.14965628715322327,0.11259364727806927,-0.0003437128467767281
59342.0,0.14965002881327202,0,0.0,0.0,0.14965002881327202,0.11258978071199058,-0.0003499711867279709
59343.0,0.14964377086630493,0,0.0,0.0,0.14964377086630493,0.1125859143805517,-0.0003562291336950685
59344.0,0.149637513312322,0,0.0,0.0,0.149637513312322,0.11258204828375261,-0.0003624866876779931
59345.0,0.14963125615132322,0,0.0,0.0,0.14963125615132322,0.1125781824215933,-0.00036874384867677246
59346.0,0.14962499938330862,0,0.0,0.0,0.14962499938330862,0.11257431679407379,-0.00037500061669137885
59347.0,0.14961874300827818,0,0.0,0.0,0.14961874300827818,0.11257045140119407,-0.00038125699172181227
59348.0,0.14961248702623187,0,0.0,0.0,0.14961248702623187,0.11256658624295414,-0.0003875129737681282
59349.0,0.14960623143705665,0,0.0,0.0,0.14960623143705665,0.11256272131929465,-0.0003937685629433474
59350.0,0.14959997623829838,0,0.0,0.0,0.14959997623829838,0.11255885662892771,-0.0004000237617016178
59351.0,0.14959372143225613,0,0.0,0.0,0.14959372143225613,0.11255499217305985,-0.00040627856774386184
59352.0,0.14958746701892997,0,0.0,0.0,0.14958746701892997,0.11255112795169109,-0.000412532981070024
59353.0,0.14958121299831983,0,0.0,0.0,0.14958121299831983,0.1125472639648214,-0.0004187870016801598
59354.0,0.14957495937042575,0,0.0,0.0,0.14957495937042575,0.11254340021245081,-0.0004250406295742415
59355.0,0.1495687061352477,0,0.0,0.0,0.1495687061352477,0.11253953669457929,-0.0004312938647522968
59356.0,0.14956245329278572,0,0.0,0.0,0.14956245329278572,0.11253567341120688,-0.00043754670721427025
59357.0,0.14955620084303978,0,0.0,0.0,0.14955620084303978,0.11253181036233353,-0.0004437991569602173
59358.0,0.14954994878600986,0,0.0,0.0,0.14954994878600986,0.11252794754795929,-0.00045005121399013803
59359.0,0.14954369712169602,0,0.0,0.0,0.14954369712169602,0.11252408496808414,-0.00045630287830397687
59360.0,0.1495374458500982,0,0.0,0.0,0.1495374458500982,0.11252022262270807,-0.00046255414990178934
59361.0,0.14953119497121642,0,0.0,0.0,0.14953119497121642,0.11251636051183107,-0.00046880502878357544
59362.0,0.14952494448505071,0,0.0,0.0,0.14952494448505071,0.11251249863545318,-0.00047505551494927967
59363.0,0.14951869439160104,0,0.0,0.0,0.14951869439160104,0.11250863699357437,-0.00048130560839895753
59364.0,0.14951244469086739,0,0.0,0.0,0.14951244469086739,0.11250477558619465,-0.00048755530913260903
59365.0,0.14950619538284982,0,0.0,0.0,0.14950619538284982,0.11250091441331402,-0.0004938046171501786
59366.0,0.14949994646754827,0,0.0,0.0,0.14949994646754827,0.11249705347493247,-0.0005000535324517219
59367.0,0.14949369794496278,0,0.0,0.0,0.14949369794496278,0.11249319277105001,-0.000506302055037211
59368.0,0.14948744981198567,0,0.0,0.0,0.14948744981198567,0.11248933229993677,-0.0005125501880143268
59369.0,0.1494812020521876,0,0.0,0.0,0.1494812020521876,0.1124854720524473,-0.0005187979478123994
59370.0,0.14947495468436647,0,0.0,0.0,0.14947495468436647,0.11248161203904551,-0.0005250453156335211
59371.0,0.14946870770852236,0,0.0,0.0,0.14946870770852236,0.11247775225973143,-0.0005312922914776363
59372.0,0.1494624611246552,0,0.0,0.0,0.1494624611246552,0.11247389271450503,-0.0005375388753448007
59373.0,0.14945621493276506,0,0.0,0.0,0.14945621493276506,0.11247003340336631,-0.0005437850672349309
59374.0,0.14944996913285188,0,0.0,0.0,0.14944996913285188,0.11246617432631528,-0.0005500308671481102
59375.0,0.14944372372491568,0,0.0,0.0,0.14944372372491568,0.11246231548335195,-0.0005562762750843109
59376.0,0.1494374787089565,0,0.0,0.0,0.1494374787089565,0.11245845687447631,-0.0005625212910435051
59377.0,0.14943123408497427,0,0.0,0.0,0.14943123408497427,0.11245459849968835,-0.0005687659150257207
59378.0,0.14942498985296904,0,0.0,0.0,0.14942498985296904,0.11245074035898808,-0.0005750101470309577
59379.0,0.1494187460129408,0,0.0,0.0,0.1494187460129408,0.1124468824523755,-0.0005812539870591882
59380.0,0.14941250256488955,0,0.0,0.0,0.14941250256488955,0.11244302477985062,-0.0005874974351104401
59381.0,0.14940625950881525,0,0.0,0.0,0.14940625950881525,0.1124391673414134,-0.000593740491184741
59382.0,0.149400016844718,0,0.0,0.0,0.149400016844718,0.1124353101370639,-0.0005999831552820079
59383.0,0.14939377457259767,0,0.0,0.0,0.14939377457259767,0.11243145316680207,-0.0006062254274023238
59384.0,0.14938753269245436,0,0.0,0.0,0.14938753269245436,0.11242759643062794,-0.0006124673075456333
59385.0,0.149381291204288,0,0.0,0.0,0.149381291204288,0.11242373992854149,-0.0006187087957119919
59386.0,0.14937505010809868,0,0.0,0.0,0.14937505010809868,0.11241988366054273,-0.0006249498919013163
59387.0,0.1493688094038863,0,0.0,0.0,0.1493688094038863,0.11241602762663166,-0.0006311905961136899
59388.0,0.1493625690916509,0,0.0,0.0,0.1493625690916509,0.11241217182680828,-0.0006374309083490848
59389.0,0.14935632917139252,0,0.0,0.0,0.14935632917139252,0.1124083162610726,-0.0006436708286074733
59390.0,0.1493500896431111,0,0.0,0.0,0.1493500896431111,0.11240446092942459,-0.0006499103568888831
59391.0,0.14934385050680668,0,0.0,0.0,0.14934385050680668,0.11240060583186429,-0.0006561494931933143
59392.0,0.14933761176247926,0,0.0,0.0,0.14933761176247926,0.11239675096839166,-0.000662388237520739
59393.0,0.1493313734101288,0,0.0,0.0,0.1493313734101288,0.11239289633900672,-0.0006686265898711852
59394.0,0.14932513544975531,0,0.0,0.0,0.14932513544975531,0.11238904194370948,-0.0006748645502446804
59395.0,0.14931889788135885,0,0.0,0.0,0.14931889788135885,0.11238518778249991,-0.0006811021186411415
59396.0,0.14931266070493934,0,0.0,0.0,0.14931266070493934,0.11238133385537805,-0.0006873392950606516
59397.0,0.14930642392049684,0,0.0,0.0,0.14930642392049684,0.11237748016234386,-0.0006935760795031554
59398.0,0.1493001875280313,0,0.0,0.0,0.1493001875280313,0.11237362670339737,-0.0006998124719687082
59399.0,0.14929395152754277,0,0.0,0.0,0.14929395152754277,0.11236977347853858,-0.0007060484724572269
59400.0,0.1492877159190312,0,0.0,0.0,0.1492877159190312,0.11236592048776746,-0.0007122840809687947
59401.0,0.1492814807024966,0,0.0,0.0,0.1492814807024966,0.11236206773108404,-0.0007185192975033838
59402.0,0.14927524587793903,0,0.0,0.0,0.14927524587793903,0.1123582152084883,-0.0007247541220609666
59403.0,0.14926901144535842,0,0.0,0.0,0.14926901144535842,0.11235436291998026,-0.0007309885546415706
59404.0,0.1492627774047548,0,0.0,0.0,0.1492627774047548,0.11235051086555989,-0.0007372225952451961
59405.0,0.14925654375612818,0,0.0,0.0,0.14925654375612818,0.11234665904522723,-0.0007434562438718151
59406.0,0.14925031049947854,0,0.0,0.0,0.14925031049947854,0.11234280745898224,-0.0007496895005214554
